smiles,label
Cc1ncsc1CCCl,0
C1(=O)C(C(=O)NC(N1)=S)(C(C)CSCC)CC=C,1
C=CCN1CCCC1CNC(=O)c1cc(S(N)(=O)=O)cc(OC)c1OC,0
FC(F)(F)c1cccc(C2=CCN(CCc3ccc4ccccc4c3)CC2)c1,0
CN(C)CCCN1c2ccccc2Sc2ccc(C(F)(F)F)cc21,1
C=CCC(C(=O)NC(N)=O)C(C)C,0
CCN(CC)C(=S)SSC(=S)N(CC)CC,1
[2H]C([2H])([2H])Oc1cc2c(cc1OC([2H])([2H])[2H])C1CC(=O)C(CC(C)C)CN1CC2,1
CN1CCN(C2=Nc3cc(Cl)ccc3Nc3ccccc32)CC1,1
CCC1(c2cccc(O)c2)CCCCN(C)C1,1
Nc1ccncc1N,1
COC(=O)C1=C(C)NC(C)=C(C(=O)OC(C)(C)CN(C)CCC(c2ccccc2)c2ccccc2)C1c1cccc([N+](=O)[O-])c1,0
Nc1c2c(nc3ccccc13)CCCC2,1
CCCCc1cc2ccccc2c(OCCN(C)C)n1,0
CNC1=Nc2ccc(Cl)cc2C(c2ccccc2)=[N+]([O-])C1,0
CCCCc1nc(Cl)c(CO)n1Cc1ccc(-c2ccccc2-c2nn[n-]n2)cc1.[K+],0
O=C1NCCN1CCN1CCC(c2cn(-c3ccc(F)cc3)c3ccc(Cl)cc23)CC1,0
NNCCc1ccccc1,1
CCc1cc2c(s1)N(C)C(=O)CN=C2c1ccccc1Cl,0
N#Cc1ccc([C@H]2CCc3cncn32)c(F)c1,0
NCCS(=O)(=O)O,0
Cc1c(N(C)CS(=O)(=O)O)c(=O)n(-c2ccccc2)n1C,0
CC1(C)O[C@@H]2CO[C@@]3(COS(N)(=O)=O)OC(C)(C)O[C@H]3[C@@H]2O1,1
C1(=C(C=CC=C1C(C)C)C(C)C)OC(=O)CBr,0
Cl.N=C(N)NC(=O)Cc1c(Cl)cccc1Cl,0
CCOC(=O)c1cncn1[C@H](C)c1ccccc1,0
C1(C(C(NC(N1)=O)=O)(C(SC(C)C)C)CCC)=O,1
CCC[C@H](N[C@@H](C)C(=O)N1[C@H](C(=O)O)C[C@@H]2CCCC[C@@H]21)C(=O)OCC,0
O=C1C(CCC(OCCCC)=O)N=C(C2=CC=CC=C2F)C3=CC(Cl)=CC=C3N1,0
CCN(CC)C(C)CN1c2ccccc2Sc2ccccc21,0
C1(C(C(NC(N1)=O)=O)(CCSC(C)C)CC=C)=O,1
CC(CN1CCN(CCOCCO)CC1)CN1c2ccccc2Sc2ccccc21,0
CN(C)CCCN1c2ccccc2Sc2ccccc21,0
O=C1N=C(O)NC1(c1ccccc1)c1ccccc1,1
CC1=CN(C(=O)NC1=O)C2CC(C(O2)COP(=S)(O)OC3CC(OC3COP(=S)(O)OC4CC(OC4COP(=S)(O)OC5C(OC(C5OCCOC)N6C=NC7=C6N=C(NC7=O)N)COP(=S)(O)OC8C(OC(C8OCCOC)N9C=C(C(=O)NC9=O)C)COP(=S)(O)OC1C(OC(C1OCCOC)N1C=C(C(=O)NC1=O)C)COP(=O)(OC1C(OC(C1OCCOC)N1C=C(C(=NC1=O)N)C)COP(=S)(O)OC1C(OC(C1OCCOC)N1C=C(C(=O)NC1=O)C)CO)S)N1C=NC2=C1N=C(NC2=O)N)N1C=C(C(=O)NC1=O)C)OP(=S)(O)OCC1C(CC(O1)N1C=NC2=C(N=CN=C21)N)OP(=S)(O)OCC1C(CC(O1)N1C=C(C(=NC1=O)N)C)OP(=S)(O)OCC1C(CC(O1)N1C=NC2=C(N=CN=C21)N)OP(=S)(O)OCC1C(CC(O1)N1C=C(C(=O)NC1=O)C)OP(=S)(O)OCC1C(CC(O1)N1C=NC2=C1N=C(NC2=O)N)OP(=S)(O)OCC1C(CC(O1)N1C=NC2=C(N=CN=C21)N)OP(=S)(O)OCC1C(CC(O1)N1C=NC2=C(N=CN=C21)N)OP(=S)(O)OCC1C(C(C(O1)N1C=NC2=C(N=CN=C21)N)OCCOC)OP(=S)(O)OCC1C(C(C(O1)N1C=C(C(=O)NC1=O)C)OCCOC)OP(=S)(O)OCC1C(C(C(O1)N1C=C(C(=NC1=O)N)C)OCCOC)OP(=S)(O)OCC1C(C(C(O1)N1C=C(C(=NC1=O)N)C)OCCOC)OP(=S)(O)OCC1C(C(C(O1)N1C=C(C(=NC1=O)N)C)OCCOC)O,0
COC(=O)CCc1ccc(OCC(O)CNC(C)C)cc1.Cl,0
NS(=O)(=O)Nc1ncnc(OCCOc2ncc(Br)cn2)c1-c1ccc(Br)cc1,0
CCCCNc1ccc(C(=O)OCCN(C)C)cc1,1
C=CCC1(C(C)C)C(=O)NC(=O)NC1=O,1
CCN1CCCC1CNC(=O)c1cc(S(N)(=O)=O)ccc1OC,1
CN[C@H]1CC[C@@H](c2ccc(Cl)c(Cl)c2)c2ccccc21,1
CC(C)NCC(O)COc1ccc(COCCOC(C)C)cc1,0
COc1cc2[nH]c(C)c(CCN3CCN(c4ccccc4)CC3)c2cc1OC,1
COc1ccc([C@@H]2Sc3ccccc3N(CCN(C)C)C(=O)[C@@H]2OC(C)=O)cc1.Cl,0
OCCOc1ccccc1,0
CCC1C(C)=NN=C(c2ccc(OC)c(OC)c2)c2cc(OC)c(OC)cc21,0
CN1C(=O)C(O)N=C(c2ccccc2Cl)c2cc(Cl)ccc21,0
Oc1ccc2c3c1O[C@H]1[C@@H](O)CC[C@@]4(O)[C@@H](C2)N(CC2CCC2)CC[C@]314,1
CC1CCN(CCCC(=O)c2ccc(F)cc2)CC1,0
CN(C)CCc1c[nH]c2ccc(Cn3cncn3)cc12,0
NC(=O)C[S+]([O-])C(c1ccccc1)c1ccccc1,1
O=C1NC2CCCCN2C12CCN(CCCN1c3ccccc3CCc3ccc(Cl)cc31)CC2,1
Cl.NNc1nncc2ccccc12,0
COC(=O)C1=C(C)NC(C)=C(C(=O)OCCN(C)Cc2ccccc2)C1c1cccc([N+](=O)[O-])c1,0
O=C1C(CC(OCC2=CC=CC=C2)=O)N=C(C3=CC=CC=C3)C4=CC(Cl)=CC=C4N1,0
c1ccc2c(c1)CCc1ccccc1N2C1CN2CCC1CC2,0
CCc1c(C)[nH]c2c1C(=O)C(CN1CCOCC1)CC2,1
CCCC(CCC)C(N)=O,0
CCOC(=O)[C@H](CCc1ccccc1)N[C@H]1CCCN2CCC[C@@H](C(=O)O)N2C1=O,0
CCC(=O)NC[C@@H]1C[C@H]1c1cccc2c1CCO2,1
CC(N)(Cc1ccc(O)c(O)c1)C(=O)O,0
OCCN1CCN(CC/C=C2/c3ccccc3Sc3ccc(Cl)cc32)CC1,1
C=CCC1(CC)C(=O)NC(=O)NC1=O,0
CN(C)CCC=C1c2ccccc2OCc2c1oc1ccccc21,0
CC/C=C(\C)C1(CC)C(=O)NC(=O)NC1=O,0
C#CCN(C)[C@H](C)Cc1ccccc1,1
CCNC1=Nc2ccc(Cl)cc2C(C)(c2ccccc2)O1,0
NS(=O)(=O)c1cc(C(=O)O)c(NCc2ccco2)cc1Cl,0
CCOC(=O)C1=C(C)N2CC/C(=C\c3ccc(Br)cc3)C(=O)N=C2S1,1
NC1=NC(=O)C(c2ccccc2)O1,1
O=C(CCCN1CCC(O)(c2ccc(Br)cc2)CC1)c1ccc(F)cc1,0
CN1CCC(=C2c3ccccc3CCc3sccc32)CC1,1
CN1c2ccccc2C(NCCCCCCC(=O)O)c2ccc(Cl)cc2S1(=O)=O,0
CCOC(=O)Nc1ccc(NCc2ccc(F)cc2)cc1N,0
C1(C(C(NC(N1)=O)=O)(C(SCC)C)CCCCC)=O,1
COc1ccccc1Oc1c(NS(=O)(=O)c2ccc(C(C)(C)C)cc2)nc(-c2ncccn2)nc1OCCO,0
C1(=CC=C(C=C1)C2=CC(=C([N]2C3=CC=CC=C3)C)C(=O)OCC)Cl,0
Cc1cccc(Cc2c[nH]cn2)c1C,0
COc1ccc2[nH]cc(CCNC(C)=O)c2c1,1
CC(C)(C)C(O)/C=C/c1ccc2c(c1)OCO2,0
CCCCN1CCCCC1C(=O)Nc1c(C)cccc1C,1
[O-][n+]1cccc(/C(Cl)=N/OC[C@H](O)CN2CCCCC2)c1,0
CN(C)C(=O)OC1N=C(c2ccccc2)c2cc(Cl)ccc2N(C)C1=O,0
C[C@@]12CCCCC[C@@H](Cc3ccc(O)cc31)[C@@H]2N,1
NC(=O)N1c2ccccc2C[C@H](O)c2ccccc21,0
CCN(CC)CCNC(=O)c1cc(S(C)(=O)=O)ccc1OC,0
CCOCCn1nc(C(=O)NS(C)(=O)=O)c2nc(N(C)CC)nc(Nc3cc(C)ccn3)c21,0
Oc1ccc2c(c1)[C@@]13CCCC[C@@]1(O)[C@@H](C2)N(CC1CCC1)CC3,1
C1(=C(C=CC=C1C(C)C)C(C)C)OC(=O)CN(CC)CC,0
CN(C)CCC=C1c2ccccc2CCc2ccccc21,1
O=C1C(CCC(OC)=O)N=C(C2=CC=CC=C2F)C3=CC(Br)=CC=C3N1,0
OC(O)C(Cl)(Cl)Cl,1
O=C(COc1ccc(Cl)cc1)N1CCN(Cc2ccc3c(c2)OCO3)CC1,0
COC(=O)C(c1ccccc1)C1CCCCN1,1
CCOC(=O)c1ccc(N)cc1,0
O=C([O-])c1ccccc1O.[K+],1
CCCCN1CCCC[C@H]1C(=O)Nc1c(C)cccc1C,1
Cc1ncc(COC(=O)CCC(=O)OCCN(C)C)c(CO)c1O,0
O=C1C(CCC(OC2=CC=CC=C2)=O)N=C(C3=CC=CC=C3)C4=CC(Cl)=CC=C4N1,0
CC(C)OC(=O)OC1CCCCC1,0
C1(C(C(NC(N1)=O)=O)(C(SCC)C)CC=C)=O,1
C=CC(=O)Nc1cc2c(Nc3ccc(F)c(Cl)c3)ncnc2cc1OCCCN1CCOCC1,0
CC(C[N+](C)(C)C)OC(N)=O,0
Cc1c(N(C)C)c(=O)n(-c2ccccc2)n1C,1
Cc1nc(C)c2c(n1)N(Cc1ccc(-c3ccccc3-c3nn[nH]n3)cc1)C(=O)CC2,0
C1(=C(C=CC=C1C(C)C)C(C)C)OC(C)=O,0
O=C1Nc2ccc(Cl)cc2C(c2ccccc2Cl)=NC1O,1
CCN(CC)CCOC(=O)C1=CC=C(N)C=C1,1
CC(CC1c2ccccc2CCc2ccccc21)CN(C)C,1
N#Cc1ccccc1-c1cc(-c2ccccn2)cn(-c2ccccc2)c1=O,1
C1(=C(C=CC=C1C(=O)OC)C(C)C)O,0
N1C(NC(C(C1=O)(SCC(=C)CO)C(CC)C)=O)=O,1
COc1ccc(/C=C2\CCN3C=C(C)SC3=NC2=O)cc1,0
Fc1ccccc1C1=NCC(=S)N(CC(F)(F)F)c2ccc(Cl)cc21,1
CC[C@@H](OC(C)=O)C(C[C@@H](C)N(C)C)(c1ccccc1)c1ccccc1,0
NS(=O)(=O)c1cc2c(cc1Cl)NCNS2(=O)=O,0
CC(C)NNC(=O)COc1ccc(Cl)cc1,0
C[C@H](CSC(=O)c1ccccc1)C(=O)N1C[C@@H](Sc2ccccc2)C[C@H]1C(=O)O,0
CNCC12CCC(c3ccccc31)c1ccccc12,0
CCCN1CCCC[C@H]1C(=O)Nc1c(C)cccc1C,1
COc1cccc(C2(O)CCCCC2CN(C)C)c1,0
C1(=C(C=C(C=C1C(C)C)I)C(C)C)O,0
CCOC(=O)C1(c2ccccc2)CCN(C)CC1,1
CC(=O)NCC(N)=O.OC(O)C(Cl)(Cl)Cl,0
COC(=O)[C@H]1[C@@H](OC(=O)c2ccccc2)C[C@@H]2CC[C@H]1N2C,1
N#CC(CCN1CCC(C(N)=O)(N2CCCCC2)CC1)(c1ccccc1)c1ccccc1,0
Cc1nc2n(c(=O)c1CCN1CCC(c3noc4cc(F)ccc34)CC1)CCCC2O,1
CCCCOc1ccc(OCCCN2CCOCC2)cc1,0
O=C(NCCN1CCOCC1)c1ccc(Cl)cc1,1
NC(=O)N1c2ccccc2C=Cc2ccccc21,0
Cl.OC(CNCC(O)C1CCc2cc(F)ccc2O1)C1CCc2cc(F)ccc2O1,0
CNCC[C@@H](Oc1ccccc1C)c1ccccc1,1
CCOC(=O)C1=C(COCCN)NC(C)=C(C(=O)OC)C1c1ccccc1Cl.O=S(=O)(O)c1ccccc1,0
CC(N)C(=O)OC(C)(C)Cc1ccc(Cl)cc1,0
CNCCc1ccccn1,1
CCCCC1=NC2(CCCC2)C(=O)N1Cc1ccc(-c2ccccc2-c2nn[nH]n2)cc1,0
CC[N+](CC)(CCNC(=O)C(=O)NCC[N+](CC)(CC)Cc1ccccc1Cl)Cc1ccccc1Cl,1
COc1ccc2c3c1O[C@H]1[C@@H](OC(C)=O)CC[C@H]4[C@@H](C2)N(C)CC[C@]314,0
Cc1ccc(C(=O)c2cc(O)c(O)c([N+](=O)[O-])c2)cc1,0
COC(c1ccccc1)(c1ccccc1)[C@H](Oc1nc(C)cc(C)n1)C(=O)O,0
CCOC(=O)C1=C(C)NC(C)=C(C(=O)OCC)C1c1ccccc1/C=C/C(=O)OC(C)(C)C,0
CN[C@]1(c2ccccc2Cl)CCCCC1=O,0
Fc1ccc([C@@H]2CCNC[C@H]2COc2ccc3c(c2)OCO3)cc1,1
OC(CCN1CCCCC1)(c1ccccc1)C1CCCCC1,1
COc1cc2nc(N3CCN(C(=O)C4CCCO4)CC3)nc(N)c2cc1OC,0
N1C(NC(C(C1=O)(SCC(=C)CO)CCCC)=O)=O,1
CCOc1ccccc1OC(c1ccccc1)C1CNCCO1,1
O=C1CN=C(c2ccccc2)c2cc(Cl)ccc2N1CC(F)(F)F,0
CCOc1nc2cccc(C(=O)OC(C)OC(=O)OC3CCCCC3)c2n1Cc1ccc(-c2ccccc2-c2nn[nH]n2)cc1,0
CCN(CC)CCn1c2c(c3ccc(OC)cc31)CCN1C[C@H]3C[C@@H](OC(=O)c4cc(OC)c(OC)c(OC)c4)[C@H](OC)[C@@H](C(=O)OC)[C@H]3C[C@H]21,0
CC1C2Cc3ccc(O)cc3C1(C)CCN2CCc1ccccc1,1
C[N+](C)([O-])CCCN1c2ccccc2CCc2ccccc21,1
N=C(N)N1CCc2ccccc2C1,0
N=C(N)NCC1CCCCCCN1,0
CCC(C)C(C)(COC(N)=O)COC(N)=O,0
CCOC(=O)[C@H](CCc1ccccc1)N[C@@H](C)C(=O)N(CC(=O)O)C1Cc2ccccc2C1,0
CN1CCN(/C=C2\N=C3CN=C(c4ccccc4Cl)c4cc([N+](=O)[O-])ccc4N3C2=O)CC1,1
Cc1nnc2n1-c1sc(Br)cc1C(c1ccccc1Cl)=NC2,1
CCOc1nc2cccc(C(=O)O)c2n1Cc1ccc(-c2ccccc2-c2nnn[nH]2)cc1,0
C1(=C(C=C(C=C1C(C)C)[Br])C(C)C)O,0
CN1CC[C@]23c4c5ccc(O)c4O[C@H]2C(=O)CC[C@H]3[C@H]1C5,1
O=C1CCc2ccc(OCCCCN3CCN(c4cccc(Cl)c4Cl)CC3)cc2N1,1
[LiH],1
O=C(CCCN1CC=C(n2c(=O)[nH]c3ccccc32)CC1)c1ccc(F)cc1,0
O=C1CC[C@@]2(O)[C@H]3Cc4ccc(O)c5c4[C@@]2(CCN3CC2CC2)[C@H]1O5,1
CCN1C(=O)OC(C)(C)C1=O,0
CN1C(=O)CN=C(c2ccccc2)c2cc(Cl)ccc21,0
CN1CC[C@]2(CC(N=C(C=CC=C3)C3=C4)=C4C5)[C@]5(O)[C@H]1CC6=C2C=C(O)C=C6,0
Nc1ccncc1,1
COC[C@@H](NC(C)=O)C(=O)NCc1ccccc1,1
NC(=O)N1c2ccccc2CC(=O)c2ccccc21,0
C=CCC1CN(C)CCC1(OC(=O)CC)c1ccccc1,0
CCCC(C)(COC(N)=O)COC(N)=O,1
CN(C)CCCN1c2ccccc2C(C)(C)c2ccccc21,0
CCNC(=O)N1CCN(CCCC(c2ccc(F)cc2)c2ccc(F)cc2)CC1,0
CCc1nn(CCCN2CCN(c3cccc(Cl)c3)CC2)c(=O)n1CCOc1ccccc1,1
CN(C)CC(c1ccc(O)cc1)C1(O)CCCCC1,1
CN(CCCN1c2ccccc2CCc2ccccc21)CC(=O)c1ccc(Cl)cc1,1
CN(C)CCC=C1c2ccccc2COc2ccccc21,1
N=C(N)NCC1COc2ccccc2O1,0
C=CC(N)CCC(=O)O,1
CNCCCN1c2ccccc2CCc2ccccc21,1
CCCCOC(=O)c1ccc(N)cc1,0
CC[C@@H](C(N)=O)N1CCCC1=O,1
C1(=O)C(C(=O)NC(N1)=S)(C(C)CSCC)CC,1
CC(C)NCC(O)COc1cccc2ccccc12,0
CCOC(=O)[C@H](CCCc1ccccc1)C1(C(=O)N[C@H]2CCc3ccccc3N(CC(=O)O)C2=O)CCCC1,0
O=C(c1c(Oc2ccccc2)cc(Cl)cc1)NN3C(CSC3c4ccc(OC)cc4)=O,0
COCCc1ccc(OCC(O)CNC(C)C)cc1.COCCc1ccc(OCC(O)CNC(C)C)cc1.O=C(O)C(O)C(O)C(=O)O,0
C=CCC1(C(C)CCC)C(=O)NC(=O)NC1=O,1
C#CCN[C@@H]1CCc2ccccc21,1
C1(=C(C=C(C=C1C(C)C)CN(C)C)C(C)C)O,0
CCC(=O)n1c(=O)n(C2CCN(CCC(C#N)(c3ccccc3)c3ccccc3)CC2)c2ccccc21,0
O=C1CC[C@@](c2ccccc2)(C2CCN(Cc3ccccc3)CC2)C(=O)N1,0
Cc1ccc(-c2nc3ccc(C)cn3c2CC(=O)N(C)C)cc1,1
CCC(=O)C(C[C@@H](C)N(C)C)(c1ccccc1)c1ccccc1,0
CN1C[C@H](C(=O)N[C@]2(C)O[C@@]3(O)[C@@H]4CCCN4C(=O)[C@H](Cc4ccccc4)N3C2=O)C[C@@H]2c3cccc4[nH]cc(c34)C[C@H]21,1
NCCCC(=O)O,0
N/C(=N\O)N/N=C/c1c(Cl)cccc1Cl,0
CC1=C(Br)SC2=NC(=O)CCCN21,0
C=CCC1(CC=C)C(=O)NC(=O)NC1=O,1
NC(=O)OC[C@H](N)Cc1ccccc1,1
C1=C(C(=CC=C1C(N(C)C2CCCC[C@H]2N(C)C)=O)Cl)Cl,0
CC1OC(C)OC(C)O1,1
CC(CC(C)(C)O)OC(O)C(Cl)(Cl)Cl,0
CC(=O)N[C@@H](CCCNC(=N)N)C(=O)N[C@@H](Cc1ccc(O)cc1)C(=O)N[C@@H](Cc1ccc(O)cc1)C(=O)N[C@@H](CCCNC(=N)N)C(=O)N[C@@H](Cc1c[nH]c2ccccc12)C(=O)N[C@@H](CCCCN)C(=O)N[C@@H](CCCCN)C(=O)N[C@@H](CCCCN)C(=O)N[C@@H](CCCCN)C(=O)N[C@@H](CCCCN)C(=O)N[C@@H](CCCCN)C(=O)N[C@@H](CCCCN)C(N)=O,0
CN1C(=O)N(C)C2C1N(C)C(=O)N2C,0
Nc1c2c(nc3c1CCC3)CCCC2,1
COC(=O)[C@H]1[C@H]2C[C@@H]3c4[nH]c5cc(OC)ccc5c4CCN3C[C@H]2C[C@@H](OC(=O)/C=C/c2cc(OC)c(OC)c(OC)c2)[C@@H]1OC,0
COc1cc2nc(N3CCN(C(=O)C4COc5ccccc5O4)CC3)nc(N)c2cc1OC.CS(=O)(=O)O,0
CCC1(c2ccccc2)C(=O)NC(=O)N(C)C1=O,1
CCN(C(=O)c1c(O)c2c(Cl)cccc2n(C)c1=O)c1ccccc1,0
COC(=O)[C@H](c1ccccc1)[C@H]1CCCCN1,1
CN(C)C(=O)Oc1cccc([N+](C)(C)C)c1,0
CC[C@H](C)[C@H](NC(=O)[C@H](Cc1ccc(O)cc1)NC(=O)[C@@H](NC(=O)[C@H](CCCNC(=N)N)NC(=O)[C@@H](N)CC(=O)O)C(C)C)C(=O)N[C@@H](Cc1cnc[nH]1)C(=O)N1CCC[C@H]1C(=O)N[C@@H](Cc1ccccc1)C(=O)O,0
C1(=O)C(C(=O)NC(N1)=S)(C(SC)C)CCCCC,1
N[C@@H]1C[C@H]1c1ccccc1.N[C@H]1C[C@@H]1c1ccccc1,1
OC1(c2ccc(Cl)c(C(F)(F)F)c2)CCN(CCCC(c2ccc(F)cc2)c2ccc(F)cc2)CC1,0
CCCN[C@H]1CCc2nc(N)sc2C1,1
CCN1CCC[C@H]1CNC(=O)c1cc(S(N)(=O)=O)ccc1OC,1
CN1CCCCC1CCN1c2ccccc2Sc2ccc([S+](C)[O-])cc21,0
CCOC(=O)[C@H](CCc1ccccc1)N[C@@H](C)C(=O)N1CC2(C[C@H]1C(=O)O)SCCS2,0
CC(CCc1ccccc1)NCC(O)c1ccc(O)c(C(N)=O)c1,0
CCOc1ccc(NC(=O)CC(C)O)cc1,0
C[C@H](N[C@@H](CCc1ccccc1)C(=O)O)C(=O)N1CCC[C@H]1C(=O)O.O.O,0
CCN1CCCC1CNC(=O)c1cc(S(=O)(=O)CC)ccc1OC,1
CN[C@@H]1CCc2[nH]c3ccc(C(N)=O)cc3c2C1,0
CC(NC(C)(C)C)C(=O)c1cccc(Cl)c1,1
ClC=C(Cl)Cl,0
NC1=CC=C(C(OCCN2CC(C)CC(C)C2)=O)C=C1,1
CN1C(=O)CC(c2ccccc2)C1=O,0
COC(=O)C1=C(C)NC(C)=C(C(=O)OCC(C)C)C1c1ccccc1[N+](=O)[O-],0
OC[C@@H](O)[C@@H](O)[C@H](O)[C@H](O)CO,1
FCC(F)(F)F,0
CCOC(=O)[C@H](CCc1ccccc1)N[C@H]1CS[C@H](c2cccs2)CN(CC(=O)O)C1=O,0
COC(=O)[C@@H](N)Cc1ccc(O)c(O)c1,0
CCN1C(=O)NC(c2ccccc2)C1=O,0
COc1ccc(/C=C2\CCN3C(C)=CSC3=NC2=O)c(C)c1,1
Cc1ncc2n1-c1ccc(Cl)cc1C(c1ccccc1Cl)=NC2,0
COCCc1ccc(OCC(O)CNC(C)C)cc1.COCCc1ccc(OCC(O)CNC(C)C)cc1.O=C(O)CCC(=O)O,0
O=C(NCCO[N+](=O)[O-])c1cccnc1,0
CC(C)c1cccc(C(C)C)c1OCOP(=O)(O)O,0
CCOC(=O)C1=C(C)N2CC/C(=C\c3ccc(OC)cc3)C(=O)N=C2S1,1
Cc1cccc(C)c1NC(=O)C1CCCCN1C,0
C1(=O)C(C(=O)NC(N1)=O)(CC)C(SCC)CC#C,1
C/N=C(\NC)NCc1ccccc1,0
CNC[C@H](O)c1cccc(O)c1,0
CCC(=O)N(c1ccccc1)C1(COC)CCN(CCc2cccs2)CC1,0
OCCOCCN1CCN(C2=Nc3ccccc3Sc3ccccc32)CC1,1
O=C(CCCN1CCC(n2c(O)nc3ccccc32)CC1)c1ccc(F)cc1,0
CCN(C(C)=O)c1cccc(-c2ccnc3c(C#N)cnn23)c1,0
CNCCC(Oc1ccc(C(F)(F)F)cc1)c1ccccc1,1
C[N+](C)(C)CCOP(=O)(O)OP(=O)(O)OC[C@H]1O[C@@H](n2ccc(N)nc2=O)[C@H](O)[C@@H]1O,0
O=C1CN=C(c2ccccn2)c2cc(Br)ccc2N1,1
CC(N/C(=N\C#N)Nc1ccncc1)C(C)(C)C.O,0
C1(=O)C(C(=O)NC(N1)=S)(C(SCCCC)C)CCC,1
COc1cc(C(C)=O)ccc1OCCCN1CCC(c2noc3cc(F)ccc23)CC1,0
COC(=O)NCCCn1nc([C@@H](C)N(C(=O)[C@H]2CNCCO2)C2CC2)c2ccc(C)nc21,0
C=CCC1(C(C)C#CCC)C(=O)NC(=O)N(C)C1=O,1
CCCC(C)C1(CC)C(=O)NC(=S)NC1=O,0
CCCC(=O)c1ccc2c(c1)N(CCCN1CCN(C)CC1)c1ccccc1S2,0
CCN1[C@H]2CC[C@@H]1C[C@H](OC(c1ccccc1)c1ccccc1)C2,0
C1(=C(C=CC=C1C(C)C)C(C)C)OC(=O)C2=CC=CC=C2,0
CCOC(=O)[C@H](CCc1ccccc1)N[C@H]1CCc2ccccc2N(CC(=O)O)C1=O.Cl,0
NC[C@H](O)c1ccc(O)c(O)c1,0
CCOC(=O)[C@H](CCc1ccccc1)N[C@H]1CCc2ccccc2N(CC(=O)O)C1=O,0
C[C@H]1[C@@H]2Cc3ccc(O)cc3[C@]1(C)CCN2C,0
N=C(N)NC(=O)c1nc(Cl)c(N)nc1N,0
COc1cc2c(cc1OC)C(=O)C(CC1CCN(Cc3ccccc3)CC1)C2,1
CN1C(=O)CC(C)(c2ccccc2)C1=O,0
CCOC(=O)C1N=C(c2ccccc2F)c2cc(Cl)ccc2NC1=O,1
CCCCC1(CC)C(=O)NC(=O)NC1=O,1
CCCCc1nc(C)c(CC(=S)N(C)C)c(=O)n1Cc1ccc(-c2ccccc2-c2nnn[nH]2)cc1,0
CN1CCC[C@H]1c1cccnc1,1
CC(=O)SC[C@@H](C)C(=O)N1CCC[C@H]1C(=O)N[C@@H](Cc1ccccc1)C(=O)O,0
C1(=C(C=CC=C1C(C)C)C(C)C)OC(=O)CNCC(OC)OC,0
O=C1C(CCC(OC2=CC=CC=C2)=O)N=C(C3=CC=CC=C3F)C4=CC(Cl)=CC=C4N1,0
Fc1cccc(Br)c1NC1=NCCN1,0
C1(=C(C=C(C=C1C(C)C)CCCC2(C)N=N2)C(C)C)O,1
CCC1(c2ccccc2)NC(=O)N(C)C1=O,0
C1(C(C(NC(N1)=O)=O)(C(SCCCC)C)C(C)C)=O,1
Cc1ncc(CSSCc2cnc(C)c(O)c2CO)c(CO)c1O,1
Nc1nnc(-c2cccc(Cl)c2Cl)c(N)n1,1
CNCCC=C1c2ccccc2CCc2ccccc21,1
C1=CC=C(C(=C1OC)OC(C(CN(CCOC)CCOC)N(CCOC)CCOC)=O)OC,1
CN1C(=O)CC(=O)N(c2ccccc2)c2cc(Cl)ccc21,1
[K],0
COc1ccccc1OCCNCC(O)COc1cccc2[nH]c3ccccc3c12,0
CC(C)(C)NCC(O)COc1cccc2c1C[C@H](O)[C@H](O)C2,0
OCCN1CCN(CCCN2c3ccccc3Sc3ccc(C(F)(F)F)cc32)CC1,1
CC(=O)Nc1ccc(OC(=O)c2ccccc2OC(C)=O)cc1,0
COC(=O)[C@H]1[C@H]2C[C@@H]3c4[nH]c5cc(OC)ccc5c4CCN3C[C@H]2C[C@@H](OC(=O)c2cc(OC)c(OC)c(OC)c2)[C@@H]1OC,0
c1cnc2cc3c(cc2n1)C1CNCC3C1,1
CC(=O)c1ccc2c(c1)N(CCCN1CCN(CCO)CC1)c1ccccc1S2,0
CCC1(C2=CCCCC2)C(=O)NC(=O)NC1=O,0
C#CCC1(OC(N)=O)CCCCC1,0
Cc1cc(C(=O)NNCc2ccccc2)no1,1
C=C1CC[C@@]2(O)[C@H]3Cc4ccc(O)c5c4[C@@]2(CCN3CC2CC2)[C@H]1O5,0
CCO,0
CCC(C)C(CC)C(N)=O,0
Clc1ccc(CCCOCCCN2CCCCC2)cc1,1
CCCC[N+]1(C)[C@H]2C[C@H](OC(=O)[C@H](CO)c3ccccc3)C[C@@H]1[C@H]1O[C@@H]21,0
N[C@@H](CCS(=O)(=O)O)CSSC[C@@H](N)CCS(=O)(=O)O,0
CC(C)(C)C(=O)NCCCC(=O)O,0
OCc1ccccc1,1
N#Cc1ccc2[nH]cc(CCCCN3CCN(c4ccc5oc(C(N)=O)cc5c4)CC3)c2c1,1
CCCC(=O)Nc1ccc(OCC(O)CNC(C)C)c(C(C)=O)c1.Cl,0
CCC(COC(=O)c1cc(OC)c(OC)c(OC)c1)(c1ccccc1)N(C)C,1
Cc1cc2c(s1)Nc1ccccc1N=C2N1CCN(C)CC1,1
Nc1nc2ccc(OC(F)(F)F)cc2s1,0
CN1CCN(CC/C=C2/c3ccccc3Sc3ccc(S(=O)(=O)N(C)C)cc32)CC1,0
CCC(=O)O[C@@H](O[P@](=O)(CCCCc1ccccc1)CC(=O)N1C[C@H](C2CCCCC2)C[C@H]1C(=O)[O-])C(C)C.[Na+],0
N1C(NC(C(C1=O)(SCC(=C)CO)C(CCC)C)=O)=O,1
O=C(CCNNC(=O)c1ccncc1)NCc1ccccc1,0
CN1C(=O)NC(=O)C(C)(C2=CCCCC2)C1=O,0
CCCOc1cc(N)ccc1C(=O)OCCN(CC)CC,0
CCOC(=O)C1(c2ccccc2)CCN(CCC(O)c2ccccc2)CC1,0
O=C1N(c2ccccc2)c2ccccc2C1(Cc1ccncc1)Cc1ccncc1,0
CC(C)(C)NC[C@H](O)COc1nsnc1N1CCOCC1,0
O=C(NCC1CCCCN1)c1cc(OCC(F)(F)F)ccc1OCC(F)(F)F,1
CCOC(=O)[C@H](CCc1ccccc1)N[C@@H](C)C(=O)N1[C@H](C(=O)O)C[C@H]2CCCC[C@@H]21,0
C1(=C(C=CC=C1C(C)C)C(C)C)OC(=O)CN2CCCC2,0
Clc1ccc2c(c1)C(c1ccccc1)=NCc1nncn1-2,1
CCC(=O)N(CC(C)N(C)CCc1ccccc1)c1ccccc1,0
C1(=O)C(C(=O)N(C(N1)=O)C)(CSCC)C(C)C,1
C1=C(C(=CC=C1CC(N([C@H]2C(CCCC2)N3CCCC3)C)=O)Cl)Cl,1
Cc1cccc(N2CC(CO)OC2=O)c1,1
CN1C(=O)OC(C)(C)C1=O,0
COc1ccc(CCN(C)CCCC(C#N)(c2ccc(OC)c(OC)c2)C(C)C)cc1OC,0
CNS(=O)(=O)CCc1ccc2[nH]cc(C3CCN(C)CC3)c2c1,0
CCCCC[C@H](O)CC[C@@H]1[C@H]2Cc3cccc(OCC(=O)O)c3C[C@H]2C[C@H]1O.OCCNCCO,0
CCCl,0
C[C@H](CS)C(=O)N1CCC[C@H]1C(=O)O,0
O=C1CC2(CCCC2)CC(=O)N1CCCCN1CCN(c2ncccn2)CC1,1
COC(=O)c1cncn1C(C)c1ccccc1,0
CC1=NS(=O)(=O)c2cc(Cl)ccc2N1,0
CCC(C)(CC)OC(N)=O,0
CC1=CSC2=NC(=O)/C(=C/c3ccc(Br)cc3C)CCN12,1
CC(=O)Oc1ccccc1C(=O)O.CC(=O)Oc1ccccc1C(=O)O.NC(N)=O,0
CCCc1nc2c(C)cc(-c3nc4ccccc4n3C)cc2n1Cc1ccc(-c2ccccc2C(=O)O)cc1,0
O=C1C(CCC(OC)=O)N=C(C2=CC=CC=C2)C3=CC([N+]([O-])=O)=CC=C3N1,0
CCOC(=O)[C@H](CCc1ccccc1)N[C@@H](C)C(=O)N1Cc2ccccc2C[C@H]1C(=O)O.Cl,0
CN(C)CCOC1=Cc2ccccc2Sc2ccc(Cl)cc21,1
CCOC(=O)Nc1ccc(NCc2ccc(F)cc2)nc1N,0
CC(=O)[C@@]1(O)CC[C@H]2[C@@H]3C[C@H](C(F)(F)F)C4=CC(=O)CC[C@]4(C)[C@H]3CC[C@@]21C,0
NC(CCCN1C(=O)NC(c2ccccc2)(c2ccccc2)C1=O)C(=O)O,0
CC(C)C(Br)C(=O)NC(N)=O,1
CN1CCN(C(=O)O[C@H]2c3nccnc3C(=O)N2c2ccc(Cl)cn2)CC1,1
O=C(CCCN1CCC(O)(c2cccc(C(F)(F)F)c2)CC1)c1ccc(F)cc1,1
CNCC[C@H](Oc1cccc2ccccc12)c1cccs1,1
CC(C)C[C@H](CN)CC(=O)O,1
OC(CNCC(O)C1CCc2cc(F)ccc2O1)C1CCc2cc(F)ccc2O1,0
CCOCC,1
CC(C)N(CCNC(=O)CN1CCCC1=O)C(C)C,1
Cc1c(NC(=O)c2cccnc2)c(=O)n(-c2ccccc2)n1C,0
COC(=O)[C@H]1[C@H]2C[C@@H]3c4[nH]c5ccc(OC)cc5c4CCN3C[C@H]2C[C@@H](OC(=O)c2cc(OC)c(OC)c(OC)c2)[C@@H]1OC,0
C[C@](N)(Cc1ccc(O)c(O)c1)C(=O)O,1
CC(=O)[C@H]1CC[C@H]2[C@@H]3CC[C@@H]4C[C@H](O)CC[C@]4(C)[C@H]3CC[C@]12C,0
C#CC(C)(O)CC,1
COC1=C(OC)C(=O)C(CCCCCCCCCCO)=C(C)C1=O,1
O=C(CCCN12)N=C2SC=C1C(OCC)=O,0
CCCCC[C@H](O)/C=C/[C@H]1[C@H](O)C[C@@H]2O/C(=C\CCCC(=O)O)C[C@@H]21,0
CN1CCN2c3ncccc3Cc3ccccc3C2C1,1
CNCCCC12CCC(c3ccccc31)c1ccccc12,1
COC(=O)[C@H]1[C@H]2C[C@@H]3c4[nH]c5ccccc5c4CCN3C[C@H]2C[C@@H](OC(=O)c2cc(OC)c(OC)c(OC)c2)[C@@H]1OC,0
CCOC(=O)NNc1ccc(N(CC)CC(C)O)nn1,0
CCc1nn(CCCN2CCN(c3cccc(Cl)c3)CC2)c(=O)n1CC,0
Cn1c(=O)c2c(ncn2C)n(C)c1=O,1
CCOC(=O)C1=C(C)NC(C)=C(C(=O)OC)C1c1cccc(Cl)c1Cl,0
CC1OC2(CS1)CN1CCC2CC1,1
CC1=C(Sc2ccccc2C(=O)O)SC2=NC(=O)CCCN21,1
CC(C)N1CC(O)C2=CC(=NNC(N)=O)C(=O)C=C21,0
CNC1(c2ccccc2Cl)CCCCC1=O,1
CS(=O)(=O)O.Oc1ccc(C2CNCCc3c2cc(O)c(O)c3Cl)cc1,0
CCOc1ccc(NC(C)=O)cc1,1
CC(=O)[C@H]1CC[C@H]2[C@@H]3CC[C@H]4C[C@@H](O)CC[C@]4(C)[C@H]3CC[C@]12C,0
C1(=O)C(C(=O)N(C(N1)=O)C)(CSCC)CC,1
CN(C)CCN1C(=O)c2ccccc2N(C)c2ccccc21,0
CC(=O)OCCN1CCN(CCCN2c3ccccc3Sc3ccc(Cl)cc32)CC1,0
COc1ccccc1OC(=O)c1ccccc1OC(C)=O,0
CNCCCCOc1ccccc1Cc1ccccc1,0
CC(=O)S[C@H](C(=O)N[C@H]1Cc2ccccc2[C@H]2CCC[C@@H](C(=O)O)N2C1=O)C(C)C,0
CN(C)CCOC(c1ccccc1)c1ccccc1.Cn1c(=O)c2c(ncn2CC(=O)O)n(C)c1=O,1
Oc1ccc(C2CNCCc3c2cc(O)c(O)c3Cl)cc1,0
O=C([O-])CCCO.[Na+],1
C1(=C(C=C(C=C1C(C)C)N(O)O)C(C)C)O,0
C1(C(C(NC(N1)=O)=O)(C(CCC)C)CCCSCC=C)=O,1
C=CCN1CC[C@]23c4c5ccc(O)c4O[C@H]2C(=O)CC[C@@]3(O)[C@H]1C5,0
Cc1cccc([C@H](C)c2c[nH]cn2)c1C,0
NS(=O)(=O)c1cc2c(cc1C(F)(F)F)NC(Cc1ccccc1)NS2(=O)=O,1
C1(=O)C(C(=O)NC(N1)=O)(C(SCCCC)C)CCC,1
O=c1cccc2n1C[C@@H]1CNC[C@H]2C1,1
NC(=O)c1cn(Cc2c(F)cccc2F)nn1,0
CCCN(CCC)CCc1cccc2c1CC(=O)N2,1
NCCCC[C@H](N[C@@H](CCc1ccccc1)C(=O)O)C(=O)N1CCC[C@H]1C(=O)O,0
CCC(=O)NCC[C@@H]1CCc2ccc3c(c21)CCO3,0
CCN(CC)C(=O)[C@@]1(c2ccccc2)C[C@H]1CN,1
CC(=O)[C@H]1CC[C@H]2[C@@H]3CC[C@H]4C[C@H](O)CC[C@]4(C)[C@H]3C(=O)C[C@]12C,1
Cc1ccc(C2(O)CCN(CCCC(=O)c3ccc(F)cc3)CC2)cc1,0
C[C@H](N)Cc1ccccc1,1
CN(CCCCCCN(C)C(=O)Oc1ccc[n+](C)c1)C(=O)Oc1ccc[n+](C)c1,1
C=CCC1(C(C)CC)C(=O)NC(=O)NC1=O,1
C=C(C)[C@@H]1CCC(C)=C[C@H]1c1c(O)cc(CCCCC)cc1O.CCCCCc1cc(O)c2c(c1)OC(C)(C)[C@@H]1CCC(C)=C[C@@H]21,0
CN1Cc2c(N)cccc2C(c2ccccc2)C1,1
OC(CCN1CCCCC1)(c1ccccc1)C1CC2C=CC1C2,1
O=C(OCC(O)CO)c1ccccc1Nc1ccnc2c(C(F)(F)F)cccc12,0
C1(=O)C(C(=O)NC(N1)=S)(CSC)CC(C)C,1
C1(=O)C(C(=O)NC(N1)=S)(CCSC=CC)CCCC,1
C[C@@H](CC(C(=O)N1CCCC1)(c1ccccc1)c1ccccc1)N1CCOCC1,0
NS(=O)(=O)c1ccc(N2CCCCS2(=O)=O)cc1,0
CC(C)CNCCOC(=O)c1cccc(N)c1,0
Cc1c([C@@H](O)CN2CCN(C[C@H](O)c3ccc4c(c3C)COC4=O)CC2)ccc2c1COC2=O,0
CN1CC2c3ccccc3Oc3ccc(Cl)cc3C2C1,0
Cc1nc2n(c(=O)c1CCN1CCC(c3noc4cc(F)ccc34)CC1)CCCC2,1
COc1cc2nc(N3CCN(C(=O)C4COc5ccccc5O4)CC3)nc(N)c2cc1OC,0
O=C(O)CCCCCCNC1c2ccccc2CCc2ccccc21,1
CC(C)(C)NCC(O)CSc1nc(-c2ccc(C(N)=O)s2)cs1,0
C1=CC=C(C(=C1OC)OC(C(CN2CCOCC2)N(CCOCC)CCOCC)=O)OC,1
CN(C)CC/C=C1/c2ccccc2Sc2ccc(Cl)cc21,1
C[N+](C)(C)CCOC(N)=O,0
CN1CCN(CCCN2c3ccccc3Sc3ccccc32)CC1,1
CCCNC(C)C(=O)Nc1c(C)csc1C(=O)OC,0
CC(CCN1CCN(c2ccc(F)cc2)CC1)NC(=O)c1cccnc1,0
CNS(=O)(=O)Cc1ccc2[nH]cc(CCN(C)C)c2c1,1
COCCCC/C(=N\OCCN)c1ccc(C(F)(F)F)cc1,1
CCC(=O)C1(c2cccc(O)c2)CCN(C)CC1,1
CC(CCc1ccccc1)NCC(O)c1ccc(O)c(C(N)=O)c1.Cl,0
CN1CCN(CCCN2c3ccccc3Sc3ccc(C(F)(F)F)cc32)CC1,1
C1(=O)C(C(=O)NC(N1)=S)(C(SC)C)CCCCCC,1
CC(C)c1nc(N(C)S(C)(=O)=O)nc(-c2ccc(F)cc2)c1/C=C/[C@@H](O)C[C@@H](O)CC(=O)[O-].CC(C)c1nc(N(C)S(C)(=O)=O)nc(-c2ccc(F)cc2)c1/C=C/[C@@H](O)C[C@@H](O)CC(=O)[O-].[Ca+2],0
C1(=O)C(C(=O)NC(N1)=O)(CSC=CC)CC,1
CN(C)CC(Oc1ccccc1)Oc1ccccc1,1
CCN1CCC[C@H]1CNC(=O)c1c(OC)ccc(Br)c1OC,1
CN(C)CCCN1c2ccccc2CCc2ccc(Cl)cc21,1
C[C@@H]1C[C@H]2[C@@H]3CCC4=CC(=O)C=C[C@]4(C)C3=CC[C@]2(C)[C@H]1C(=O)CN1CCN(c2cc(N3CCCC3)nc(N3CCCC3)n2)CC1,0
CN1C[C@H](C(=O)N[C@]2(C)O[C@@]3(O)[C@@H]4CCCN4C(=O)[C@H](Cc4ccccc4)N3C2=O)C=C2c3cccc4[nH]cc(c34)C[C@H]21,1
CCC(CC)(CNC(=O)CCCO)c1cccc(OC)c1,0
CN(C)C(=O)Oc1ccc[n+](C)c1,1
CN1CCN=C(c2ccccc2)c2cc(Cl)ccc21,1
COc1ccccc1OCC1CNC(=O)O1,0
CCC1(CC)C(=O)C=CNC1=O,0
Cc1nnc2n1-c1ccc(Cl)cc1C(c1ccccc1)=NC2,1
C1(=O)C(C(=O)NC(N1)=S)(CCC(C)C)CCSCC,1
CN1C(=O)CN=C(c2ccccc2F)c2cc([N+](=O)[O-])ccc21,1
CCN(CC)CC(=O)Nc1c(C)cccc1C,1
CCC[C@@](C)(O)[C@H]1C[C@@]23C=C[C@]1(OC)[C@@H]1Oc4c(O)ccc5c4[C@@]12CCN(C)[C@@H]3C5,0
Cc1cc2c(cc1CC(=O)c1sccc1S(=O)(=O)Nc1onc(C)c1Cl)OCO2,0
COC(F)(F)C(Cl)Cl,1
CN1CC[C@]23c4c5ccc(O)c4O[C@H]2[C@@H](O)C=C[C@H]3[C@H]1C5.COc1ccc(Cc2nccc3cc(OC)c(OC)cc23)cc1OC.COc1ccc2c3c1OC1[C@@H](O)C=C[C@H]4[C@@H](C2)N(C)CC[C@]314.Cl.Cl.Cl,1
CC(C)=CCN1CCC2(C)c3cc(O)ccc3CC1C2C,1
C[C@](N)(Cc1ccc(O)cc1)C(=O)O,0
C1(=O)C(C(=O)NC(N1)=O)(C(SC=CC)C)CC(C)C,1
COCCc1ccc(OCC(O)CNC(C)C)cc1,0
C=COC=C,1
CCN(CC)C(=O)/C(C#N)=C/c1cc(O)c(O)c([N+](=O)[O-])c1,1
CC1=CN2CC/C(=C\c3ccc(Br)cc3)C(=O)N=C2S1,1
CC(=O)Nc1ccc(O)cc1,1
CN1CCN(C2=Nc3ccccc3Oc3ccc(Cl)cc32)CC1,1
COc1ccccc1N1CCN(CCCNc2cc(=O)n(C)c(=O)n2C)CC1,0
COc1cc2c(cc1OC)[C@H]1C[C@@H](OC(=O)[C@@H](N)C(C)C)[C@H](CC(C)C)CN1CC2,1
NCCc1ccc(O)c(O)c1,1
CC(N)Cc1ccccc1,1
CCOC(=O)C1(c2ccccc2)CCN(CCc2ccc(N)cc2)CC1,1
CCC1(c2ccccc2)C(=O)NC(=O)NC1=O,1
Cc1ccsc1C(=CCCN1CCC[C@@H](C(=O)O)C1)c1sccc1C,1
O=C(CCCN1CCC(O)(c2ccc(Cl)cc2)CC1)c1ccc(F)cc1,1
C1(=O)C(C(=O)N(C(N1)=O)C)(CSCC)CCC(C)C,1
CN1[C@@H]2CCC(C)(C)[C@H]1C[C@H](OC(=O)C(O)(c1cccs1)c1cccs1)C2,0
CC(Oc1c(Cl)cccc1Cl)C1=NCCN1,0
C1=CC=C(C(=C1OC)OC(C(CN(CCOCC)CCOCC)N(CCOCC)CCOCC)=O)OC,1
CCC1(CC)C(=O)NCC(C)C1=O,1
NCC1(CC(=O)O)CCCCC1,1
CC(Cc1ccccc1)NCCn1cnc2c1c(=O)n(C)c(=O)n2C,1
O=C([O-])c1ccccc1O.[Na+],1
COC(=O)C1=C(C)NC(C)=C(C(=O)OCCN(C)Cc2ccccc2)C1c1cccc([N+](=O)[O-])c1.Cl,0
CN(C)CCCN1c2ccccc2CCc2ccccc21,1
CCC(=O)O[C@](Cc1ccccc1)(c1ccccc1)[C@H](C)CN(C)C,1
COc1cc2nc(N3CCN(C(=O)c4ccco4)CC3)nc(N)c2cc1OC,1
O=S(=O)([O-])[O-].[Mg+2],1
COc1cc2nc(N3CCN(C(=O)c4ccco4)CC3)nc(N)c2cc1OC.Cl,0
CNC[C@H](O)c1ccc(O)c(O)c1,1
CNC1(C)C2CCC(C2)C1(C)C,0
C[C@]12CC[C@H](O)C[C@H]1CC[C@@H]1[C@@H]2CC[C@@]2(C)[C@]1(O)CC[C@]2(O)c1ccoc1,0
O=C(N(CC)CC)C(C=C1)=CC2=C1/C(C3=CC=CC=C3O2)=C4C[C@]5(C)CC[C@](N5)(C)C/4,0
CN(C)CCc1c[nH]c2ccc(C[C@H]3COC(=O)N3)cc12,0
CC(=O)c1ccc2c(c1)N(CCCN(C)C)c1ccccc1S2,1
C[N+]1(C)CCC(OC(=O)C(O)(c2ccccc2)C2CCCC2)C1,0
COC(=O)[C@@H]1CC2=CC(=O)CC[C@]2(C)[C@@]23O[C@@H]2C[C@@]2(C)[C@@H](CC[C@@]24CCC(=O)O4)[C@H]13,0
OC1=C(C(C2=CC=C(C(N(CC)CC)=O)C=C2)=CC3(CCNCC3)O4)C4=CC=C1,0
O=C1NC(c2ccccc2)(c2ccccc2)C(=O)N1COP(=O)(O)O,0
CC(CN(C)C)CN1c2ccccc2Sc2ccc(C#N)cc21,0
CCOC(=O)c1c[n+](C)c2n(c1=O)C(C)CCC2,0
COCCCOc1cc(C[C@@H](C[C@H](N)[C@@H](O)C[C@H](C(=O)NCC(C)(C)C(N)=O)C(C)C)C(C)C)ccc1OC,0
CC(=O)Oc1ccccc1C(=O)O,1
CC(=O)NCCCS(=O)(=O)O,1
CN1CCN(CCCN2c3ccccc3Sc3ccc(Cl)cc32)CC1,1
CCOC(=O)[C@H](CCc1ccccc1)N[C@@H](C)C(=O)N1[C@H](C(=O)O)C[C@@H]2CCCC[C@@H]21,0
O=C(O)c1ccc2nc(-c3cc(Cl)cc(Cl)c3)oc2c1,0
O=C1C(O)N=C(c2ccccc2F)c2cc(Cl)ccc2N1CCO,0
CCOc1ccccc1C(N)=O,0
O=C(O)c1cc(-c2ccc(F)cc2F)ccc1O,0
FC(F)OC(F)C(F)(F)F,1
CCN1CCCC1CNC(=O)c1cc(S(=O)(=O)CC)c(N)cc1OC,1
CCCCOc1cc(C(=O)OCCN(CC)CC)ccc1N,0
CCOC(=O)[C@H](CCc1ccccc1)N[C@@H](C)C(=O)N1[C@H](C(=O)O)C[C@@H]2CCC[C@@H]21,0
COc1ccc(CC2c3cc(OC)c(OC)cc3CC[N+]2(C)CCC(=O)OCCCCCOC(=O)CC[N+]2(C)CCc3cc(OC)c(OC)cc3C2Cc2ccc(OC)c(OC)c2)cc1OC,1
CCCCOc1ccc(C(=O)CCN2CCCCC2)cc1,0
O=C1CN=C(c2ccccc2)c2cc(Cl)ccc2N1CC1CC1,0
NC(=O)OC[C@@H](O)c1ccccc1Cl,0
C=CCC1(CC(C)O)C(=O)NC(=O)NC1=O,0
NC(=O)c1ccccc1O,0
CCCOC(=O)Cc1ccc(OCC(=O)N(CC)CC)c(OC)c1,0
N[C@@H](Cc1ccc(O)c(O)c1)C(=O)O,1
CN(C(=O)CN(CCO)CC(=O)N(C)C(C)(C)Cc1ccccc1)C(C)(C)Cc1ccccc1,0
N=C(N)NC(=O)Cc1c(Cl)cccc1Cl,1
CCNC1(c2cccs2)CCCCC1=O,0
OCCN1CCN(CCCN2c3ccccc3C=Cc3ccccc32)CC1,1
C1(C(C(NC(N1)=O)=O)(CSC)C(C(=C)C)C)=O,1
CN(C)CCCC1(c2ccc(F)cc2)OCc2cc(C#N)ccc21,1
CCCCc1nc(Cl)c(CO)n1Cc1ccc(-c2ccccc2-c2nnn[nH]2)cc1,0
CCN(CC)CCN1C(=O)CN=C(c2ccccc2F)c2cc(Cl)ccc21,0
N=C(N)NCCC[C@H](NC(=O)[C@@H]1CCCN1C(=O)[C@@H]1CSSC[C@H](N)C(=O)N[C@@H](Cc2ccc(O)cc2)C(=O)N[C@@H](Cc2ccccc2)C(=O)N[C@@H](CCC(N)=O)C(=O)N[C@@H](CC(N)=O)C(=O)N1)C(=O)NCC(N)=O,0
NS(=O)(=O)c1cc2c(cc1Cl)N=CNS2(=O)=O,0
CCOc1nc2cccc(C(=O)O)c2n1Cc1ccc(-c2ccccc2-c2noc(O)n2)cc1,0
O=C(O)CCCO,1
CC(=O)Oc0ccccc0C(=O)O[Al](O)OC(=O)c1ccccc1OC(=O)C,0
C1COC(NC(C2CC2)C2CC2)=N1,0
CCOC(=O)[C@H](CCc1ccccc1)N[C@@H](C)C(=O)N1Cc2ccccc2C[C@H]1C(=O)O,0
CCc1cc2c(s1)-n1c(C)nnc1CN=C2c1ccccc1Cl,0
Fc1cc(F)c2c(c1)C[C@@H](n1c(CCNCc3ccccc3)c[nH]c1=S)CO2,0
CCOc1ccc2nc(SCCN3CCOCC3)[nH]c2c1,0
CC(=O)Oc1cccc(C(=O)O)c1OC(C)=O,0
CC(=O)S[C@@H]1CC2=CC(=O)CC[C@]2(C)[C@H]2CC[C@@]3(C)[C@@H](CC[C@@]34CCC(=O)O4)[C@@H]21,0
CCCCN(CCCC)CCCOC(=O)c1ccc(N)cc1,0
CCC(=O)C(CC(C)N(C)C)(c1ccccc1)c1ccccc1,1
C1(=C(C=C(C=C1C(C)C)[N](C)(C)(C)[I-])C(C)C)O,0
CN1[C@H]2CC[C@@H]1C[C@H](OC(c1ccccc1)c1ccccc1)C2,1
CCN(CC)Cc1nccn1-c1ccc([N+](=O)[O-])cc1C(=O)c1ccccc1Cl,0
NNc1nnc(NN)c2ccccc12,0
CCC1(C2=CC3CCC(C2)C3)C(=O)NC(=O)NC1=O,0
CCCC(=O)Nc1ccc(OCC(O)CNC(C)C)c(C(C)=O)c1,0
Cc1ccc(Sc2ccccc2N2CCNCC2)c(C)c1,1
O=C1N=C(N2CCOCC2)CN1c1ccc(Cl)cc1,0
CC(CN(C)C)CN1c2ccccc2CCc2ccccc21,1
CCN(C)C(=O)Oc1cccc([C@H](C)N(C)C)c1,1
CCCNC(C)C(=O)Nc1ccccc1C,0
CCCOc1ccc(C(=O)OCCN(CC)CC)cc1N,0
C1(=C(C=CC=C1C(C)C)C(C)C)OC(=O)CN2CCOCC2,0
OCCN1CCN(CCCN2c3ccccc3Sc3ccc(Cl)cc32)CC1,1
CC[C@@H](c1cccc(O)c1)[C@@H](C)CN(C)C,1
CC(C)NNC(=O)c1ccncc1,1
O=C(CCCl)NCc1ccccc1,0
C1CCN2N=NN=C2CC1,1
C1(=O)C(C(=O)NC(N1)=O)(CSC2CCCCC2)CC,1
NS(=O)(=O)c1cc(C2(O)NC(=O)c3ccccc32)ccc1Cl,0
CCC(=O)O[C@@H](O[P@](=O)(CCCCc1ccccc1)CC(=O)N1C[C@H](C2CCCCC2)C[C@H]1C(=O)O)C(C)C,0
O=c1[nH]c2ccccc2n1C1CCN(CCCC(c2ccc(F)cc2)c2ccc(F)cc2)CC1,0
CCCCOc1cc(C(=O)NCCN(CC)CC)c2ccccc2n1,1
CC(CCc1ccc(O)cc1)NCCc1ccc(O)c(O)c1,0
C1C2(C(=CC(C1)=O)CCC3C2CCC\4(C3CCC4=N\O)C)C,0
COc1cc(OC)nc(O[C@H](C(=O)O)C(OC)(c2ccccc2)c2ccccc2)n1,0
NC(=O)C1(N2CCCCC2)CCN(CCCC(=O)c2ccc(F)cc2)CC1,1
CC(C)C1(CC(Br)=C)C(=O)NC(=O)N(C)C1=O,0
CCCOc1ccc(S(=O)(=O)NCCC2CCCN2C)cc1-c1nc2c(CCC)nn(C)c2c(=O)[nH]1,0
Fc1ccc(C(c2ccc(F)cc2)N2CCN(C/C=C/c3ccccc3)CC2)cc1,1
CCC1(c2ccccc2)C(=O)NC(=O)NC1=O.CNC(C)CC1CCCCC1,0
CCCc1nc(C(C)(C)O)c(C(=O)O)n1Cc1ccc(-c2ccccc2-c2nnn[nH]2)cc1,0
CCCCSc1ccc(C(SCCN(C)C)c2ccccc2)cc1,1
CN1CCN(C(=O)OC2c3nccnc3C(=O)N2c2ccc(Cl)cn2)CC1,1
CN1CCN2c3ccccc3Cc3ccccc3C2C1,1
N=S(=O)(O)Cc1noc2ccccc12,1
CCNC1C2CCC(C2)C1c1ccccc1,1
CCC1(CC)C(=O)NC(=O)NC1=O,0
C1(C(C(NC(N1)=O)=O)(CSCC)C2=CC=CC=C2)=O,1
CC(=O)NC(CC(C)C)C(=O)O,0
C1(=C(C=C(C=C1C(C)C)NC(C)=O)C(C)C)O,0
N=C(N)NNCCOc1c(Cl)cccc1Cl,0
CCC1(c2ccccc2)CCC(=O)NC1=O,1
CCOC(=O)[C@H](CCc1ccccc1)N[C@@H](C)C(=O)N1Cc2cc(OC)c(OC)cc2C[C@H]1C(=O)O,0
O=C1CN2CCOC2(c2ccccc2Cl)c2cc(Cl)ccc2N1,0
C1(=O)C(C(=O)NC(N1)=S)(C(SCC)C)CCC,1
COc1ccc(C(=O)N2CCCC2=O)cc1,1
C1(=O)C(C(=O)NC(N1)=S)(CC)C(CCC)SCC,1
CC1Cc2ccccc2N1NC(=O)c1ccc(Cl)c(S(N)(=O)=O)c1,0
N/N=c1/cc2c(n[nH]1)CCN(C(=O)c1ccccc1)C2,0
CN1CCCC(CC2c3ccccc3Sc3ccccc32)C1,1
CCOC(N)=O,1
CCC1(C)OC(=O)N(C)C1=O,0
NNc1nncc2ccccc12,0
O=C(ON1CCOCC1)c1ccccc1O,0
CO[C@@]12CC[C@@]3(C[C@@H]1[C@](C)(O)C(C)(C)C)[C@H]1Cc4ccc(O)c5c4[C@@]3(CCN1CC1CC1)[C@H]2O5,0
C1(=O)C(C(=O)NC(N1)=S)(C=CC)CCSCC,1
CC(C)N1CCOC(c2cccc(C(F)(F)F)c2)C1,0
CC1CCC(C(C)C)C(O)C1,1
NC(=O)C[S@@+]([O-])C(c1ccccc1)c1ccccc1,1
CC(=O)[C@H]1CC[C@H]2[C@@H]3CC[C@H]4C[C@H](O)CC[C@]4(C)[C@H]3CC[C@]12C,0
Nc1nc(N)c2nc(-c3ccccc3)c(N)nc2n1,0
CN(C)CC/C=C1\c2ccccc2CSc2ccccc21,1
C1(=C(C=C(C=C1C(C)C)[Cl])C(C)C)O,0
CCOC(=O)C1(c2ccccc2)CCC=CC1N(C)C,1
C1C2(C(=CC(C1)=O)CCC3C2C(CC\4(C3CCC4=N\O)C)=O)C,0
COc1ccc2c3c1O[C@H]1C[C@@H](O)C=C[C@@]31CCN(C)C2,1
Nc1cc(N2CCCCC2)nc(N)[n+]1[O-],0
CC(=O)Oc1ccc2c3c1O[C@H]1[C@@H](OC(C)=O)C=C[C@H]4[C@@H](C2)N(C)CC[C@]314,0
CCCCC1=NC2(CCCC2)C(=O)N1Cc1ccc(-c2ccccc2S(=O)(=O)Nc2noc(C)c2C)c(COCC)c1,0
CCCNS(=O)(=O)Nc1ncnc(OCCOc2ncc(Br)cn2)c1-c1ccc(Br)cc1,0
O=C1Cc2cc(CCN3CCN(c4nsc5ccccc45)CC3)c(Cl)cc2N1,1
C1(=O)C(C(=O)NC(N1)=O)(C(SCCCC)C)CC,1
CN(C)CCC=C1c2ccccc2C(C)(C)c2ccccc21,0
CCC(C(=O)NC(N)=O)c1ccccc1,0
O=C(CCCN1CCN(c2ccccn2)CC1)c1ccc(F)cc1,1
NC(=O)CN1CC(O)CC1=O,0
N[C@@H](Cc1c[nH]c2ccc(O)cc12)C(=O)O,1
CC(=O)O[C@H](CC(=O)[O-])C[N+](C)(C)C,0
COc1ccc([C@@H]2Sc3ccccc3N(CCN(C)C)C(=O)[C@@H]2OC(C)=O)cc1,0
C1(=C(C=C(C=C1C(C)C)[S](=O)(=O)OC)C(C)C)O,0
C1(=C(C=C(C=C1C(C)C)NC(C(F)(F)F)=O)C(C)C)O,0
C#CC(O)(/C=C/Cl)CC,1
C[N+](C)(C)CCCCCC[N+](C)(C)C,0
CCC(C)N(CC(O)c1cccn1Cc1ccccc1Cl)C(C)CC,1
COC(=O)C1=C(C)NC(C)=C(C(=O)OC(C)C)C1c1cccc2nonc12,0
COc1ccc2c3c1O[C@H]1[C@@H](O)C=C[C@H]4[C@@H](C2)N(C)CC[C@]314,1
Clc1cccc(Cl)c1N=C1NCCN1,0
Nc1nc2c(s1)cc(cc2)OC(F)(F)F,1
O=C(C[S+]([O-])C(c1ccccc1)c1ccccc1)NO,1
OCCN1CCN(CC/C=C2/c3ccccc3Sc3ccc(C(F)(F)F)cc32)CC1,1
CC(C)C(C(=O)NCC(=O)NC(CCCCN)C(=O)NC(CCCCN)C(=O)NC(CCCNC(=N)N)C(=O)NC(CCCNC(=N)N)C(=O)N1CCCC1C(=O)NC(C(C)C)C(=O)NC(CCCCN)C(=O)NC(C(C)C)C(=O)NC(CC2=CC=C(C=C2)O)C(=O)N3CCCC3C(=O)O)NC(=O)C4CCCN4C(=O)C(CCCCN)NC(=O)CNC(=O)C(CC5=CNC6=CC=CC=C65)NC(=O)C(CCCNC(=N)N)NC(=O)C(CC7=CC=CC=C7)NC(=O)C(CC8=CNC=N8)NC(=O)C(CCC(=O)O)NC(=O)C(CCSC)NC(=O)C(CO)NC(=O)C(CC9=CC=C(C=C9)O)NC(=O)C(CO)N,0
NC(=O)OCC(COC(N)=O)c1ccccc1,0
CN(C)Cc1nnc2n1-c1ccc(Cl)cc1C(c1ccccc1)=NC2,1
COc1cc2c(N)nc(N3CCN(C(=O)OCC(C)(C)O)CC3)nc2c(OC)c1OC,0
CN1CCN(C2=Nc3ccccc3Sc3ccc(Cl)cc32)CC1,0
N=C(N)NCCC[C@H](N)C(=O)N1CCC[C@H]1C(=O)N1CCC[C@H]1C(=O)NCC(=O)N[C@@H](Cc1ccccc1)C(=O)N[C@@H](CO)C(=O)N1CCC[C@H]1C(=O)N[C@@H](Cc1ccccc1)C(=O)N[C@@H](CCCNC(=N)N)C(=O)O,0
Cc1c(C(C)C)c(=O)n(-c2ccccc2)n1C,0
CC1(C)CC(=O)N(CCCCN2CCN(c3ncccn3)CC2)C(=O)C1,1
O=N[O-].[Na+],0
CCC1(C)CC(=O)NC1=O,0
C[N+](C)(C)CCCCCC[N+](C)(C)C.[Br-].[Br-],0
CCCCNCC(=O)Nc1c(C)cccc1Cl,0
CCOC(=O)[C@H](CCc1ccccc1)N[C@@H](C)C(=O)N1CCC[C@H]1C(=O)O,0
O=C1NCN(c2ccccc2)C12CCN(CCCC(c1ccc(F)cc1)c1ccc(F)cc1)CC2,0
C#CCN(C)Cc1ccccc1,0
C1(=C(C=C(C=C1C(C)C)N[S](=O)(=O)C)C(C)C)O,0
C1(=C(C=C(C=C1C(C)C)C=O)C(C)C)O,0
CCOC(=O)C1=C(C)NC(C)=C(C(=O)OC)C1c1cccc([N+](=O)[O-])c1,0
NC(N)=NCCN1CCCCCCC1,0
C1(=O)C(C(=O)NC(N1)=S)(C(SCC=C)C)CC(C)C,1
CC(C)c1c(C(=O)Nc2ccccc2)c(-c2ccccc2)c(-c2ccc(F)cc2)n1CC[C@@H](O)C[C@@H](O)CC(=O)[O-].CC(C)c1c(C(=O)Nc2ccccc2)c(-c2ccccc2)c(-c2ccc(F)cc2)n1CC[C@@H](O)C[C@@H](O)CC(=O)[O-].[Ca+2],0
C[C@H](N)[C@H](O)c1cccc(O)c1,0
N[C@@H](Cc1c[nH]c2ccccc12)C(=O)O,1
COc1ccc2c3c1O[C@H]1[C@@H](O)CC[C@H]4[C@@H](C2)N(C)CC[C@]314,0
C1(C(NC(NC1=O)=O)=O)(CC)C(CC(C)C)C,1
Fc1cccc(c1)C(=O)OCC(=O)N(c1ccccc1)C,1
COc1ccc2c(c1)N(C[C@H](C)CN(C)C)c1ccccc1S2,1
C1(=O)C(C(=O)NC(N1)=S)(C(SCC)CCC)CC,1
C1(=O)C(CSCC=C)(C(=O)NC(=O)N1)CC,1
CCC1(c2ccccc2)C(=O)NCNC1=O,1
C1(=C(C=CC=C1C(C)C)C(C)C)OC(=O)CN(CCC)CCC,0
CN(C)CCOC(c1ccccc1)c1ccccc1,1
CCCCCCCCCCCCCCCC(=O)OCCC1CCN(CCCN2c3ccccc3Sc3ccc(S(=O)(=O)N(C)C)cc32)CC1,0
C1(=O)C(C(=O)NC(N1)=O)(C(SCCCC)CC)CC,1
CCC(=O)N(c1ccccc1)C1(C(=O)OC)CCN(CCC(=O)OC)CC1,0
CN(C)C/C=C(/c1ccc(Br)cc1)c1cccnc1,0
